{
  "evaluation_time": "2025-08-18T21:37:03.337136",
  "model_path": "./models/qualifire/",
  "model_name": "qualifire",
  "dataset_path": "datasets/merged_datasets_short_2000.csv",
  "total_samples": 2000,
  "confusion_matrix": {
    "true_positive": 782,
    "true_negative": 911,
    "false_positive": 95,
    "false_negative": 212
  },
  "metrics": {
    "accuracy": 0.8465,
    "recall": 0.7867203219315896,
    "precision": 0.8916761687571265,
    "false_positive_rate": 0.09443339960238568,
    "f1_score": 0.8359166221272047
  }
}