{
  "evaluation_time": "2025-08-18T21:59:30.432086",
  "model_path": "./models/vijil-mbert-prompt-injection/",
  "dataset_path": "datasets/merged_datasets.csv",
  "total_samples": 20265,
  "confusion_matrix": {
    "true_positive": 7282,
    "true_negative": 11642,
    "false_positive": 402,
    "false_negative": 939
  },
  "metrics": {
    "accuracy": 0.9338267949666913,
    "recall": 0.8857803186960224,
    "precision": 0.9476834981780323,
    "false_positive_rate": 0.033377615410162736,
    "f1_score": 0.9156868909148067
  }
}