{
  "evaluation_time": "2025-08-18T21:51:29.276492",
  "model_path": "./models/protectaiv2/",
  "model_name": "protectaiv2",
  "dataset_path": "datasets/merged_datasets_short_1000.csv",
  "total_samples": 1000,
  "confusion_matrix": {
    "true_positive": 337,
    "true_negative": 429,
    "false_positive": 86,
    "false_negative": 148
  },
  "metrics": {
    "accuracy": 0.766,
    "recall": 0.6948453608247422,
    "precision": 0.7966903073286052,
    "false_positive_rate": 0.1669902912621359,
    "f1_score": 0.7422907488986784
  }
}