{
  "evaluation_time": "2025-08-18T22:25:49.464824",
  "model_path": "./models/protectaiv2/",
  "model_name": "protectaiv2",
  "dataset_path": "datasets/merged_datasets_short_3000.csv",
  "total_samples": 3000,
  "confusion_matrix": {
    "true_positive": 1019,
    "true_negative": 1418,
    "false_positive": 151,
    "false_negative": 412
  },
  "metrics": {
    "accuracy": 0.8123333333333334,
    "recall": 0.7120894479385046,
    "precision": 0.870940170940171,
    "false_positive_rate": 0.09623964308476737,
    "f1_score": 0.7835447904652058
  }
}