{
  "evaluation_time": "2025-08-18T22:08:23.048749",
  "model_path": "./models/vijil-mbert-prompt-injection/",
  "dataset_path": "datasets/merged_datasets_short_3000.csv",
  "total_samples": 3000,
  "confusion_matrix": {
    "true_positive": 1014,
    "true_negative": 1434,
    "false_positive": 135,
    "false_negative": 417
  },
  "metrics": {
    "accuracy": 0.816,
    "recall": 0.7085953878406709,
    "precision": 0.8825065274151436,
    "false_positive_rate": 0.08604206500956023,
    "f1_score": 0.786046511627907
  }
}