{
  "evaluation_time": "2025-08-18T22:21:06.131244",
  "model_path": "./models/protectaiv1/",
  "model_name": "protectaiv1",
  "dataset_path": "datasets/merged_datasets_short_3000.csv",
  "total_samples": 3000,
  "confusion_matrix": {
    "true_positive": 434,
    "true_negative": 1480,
    "false_positive": 89,
    "false_negative": 997
  },
  "metrics": {
    "accuracy": 0.638,
    "recall": 0.30328441649196364,
    "precision": 0.8298279158699808,
    "false_positive_rate": 0.05672402804333971,
    "f1_score": 0.4442169907881269
  }
}