{
  "evaluation_time": "2025-08-18T21:57:50.178525",
  "model_path": "./models/qualifire/",
  "model_name": "qualifire",
  "dataset_path": "datasets/merged_datasets_short_1000.csv",
  "total_samples": 1000,
  "confusion_matrix": {
    "true_positive": 381,
    "true_negative": 433,
    "false_positive": 82,
    "false_negative": 104
  },
  "metrics": {
    "accuracy": 0.814,
    "recall": 0.7855670103092783,
    "precision": 0.8228941684665226,
    "false_positive_rate": 0.15922330097087378,
    "f1_score": 0.8037974683544303
  }
}