{
  "evaluation_time": "2025-08-18T22:29:26.097317",
  "model_path": "./models/preambleai/",
  "model_name": "preambleai",
  "dataset_path": "datasets/merged_datasets_short_3000.csv",
  "total_samples": 3000,
  "confusion_matrix": {
    "true_positive": 1014,
    "true_negative": 1449,
    "false_positive": 120,
    "false_negative": 417
  },
  "metrics": {
    "accuracy": 0.821,
    "recall": 0.7085953878406709,
    "precision": 0.8941798941798942,
    "false_positive_rate": 0.07648183556405354,
    "f1_score": 0.7906432748538011
  }
}