{
  "evaluation_time": "2025-08-18T21:15:46.834351",
  "model_path": "./models/vijil-mbert-prompt-injection/",
  "dataset_path": "datasets/merged_datasets_short_2000.csv",
  "total_samples": 2000,
  "confusion_matrix": {
    "true_positive": 660,
    "true_negative": 899,
    "false_positive": 107,
    "false_negative": 334
  },
  "metrics": {
    "accuracy": 0.7795,
    "recall": 0.6639839034205232,
    "precision": 0.8604954367666232,
    "false_positive_rate": 0.10636182902584493,
    "f1_score": 0.7495741056218058
  }
}