{
  "evaluation_time": "2025-08-18T21:19:29.085495",
  "model_path": "./models/protectaiv1/",
  "model_name": "protectaiv1",
  "dataset_path": "datasets/merged_datasets_short_2000.csv",
  "total_samples": 2000,
  "confusion_matrix": {
    "true_positive": 295,
    "true_negative": 924,
    "false_positive": 82,
    "false_negative": 699
  },
  "metrics": {
    "accuracy": 0.6095,
    "recall": 0.29678068410462777,
    "precision": 0.7824933687002652,
    "false_positive_rate": 0.08151093439363817,
    "f1_score": 0.43034281546316555
  }
}