{
  "evaluation_time": "2025-08-18T13:17:45.476776",
  "model_path": "./models/deepset-deberta/",
  "model_name": "deepset-deberta",
  "dataset_path": "datasets/merged_datasets.csv",
  "total_samples": 20265,
  "confusion_matrix": {
    "true_positive": 8103,
    "true_negative": 3159,
    "false_positive": 8885,
    "false_negative": 118
  },
  "metrics": {
    "accuracy": 0.5557364914877868,
    "recall": 0.9856465150225033,
    "precision": 0.47698375323757947,
    "false_positive_rate": 0.7377117236798406,
    "f1_score": 0.6428656432226585
  }
}