{
  "evaluation_time": "2025-08-18T21:25:26.613980",
  "model_path": "./models/protectaiv2/",
  "model_name": "protectaiv2",
  "dataset_path": "datasets/merged_datasets_short_2000.csv",
  "total_samples": 2000,
  "confusion_matrix": {
    "true_positive": 721,
    "true_negative": 893,
    "false_positive": 113,
    "false_negative": 273
  },
  "metrics": {
    "accuracy": 0.807,
    "recall": 0.7253521126760564,
    "precision": 0.8645083932853717,
    "false_positive_rate": 0.11232604373757456,
    "f1_score": 0.7888402625820568
  }
}