{
  "evaluation_time": "2025-08-19T12:13:28.452411",
  "model_path": "./models/preambleai/",
  "model_name": "preambleai",
  "dataset_path": "datasets/merged_datasets_short_4000.csv",
  "total_samples": 4000,
  "confusion_matrix": {
    "true_positive": 1369,
    "true_negative": 1994,
    "false_positive": 135,
    "false_negative": 502
  },
  "metrics": {
    "accuracy": 0.84075,
    "recall": 0.7316942811330839,
    "precision": 0.9102393617021277,
    "false_positive_rate": 0.06341005166744951,
    "f1_score": 0.8112592592592592
  }
}