{
  "evaluation_time": "2025-08-18T21:29:10.196333",
  "model_path": "./models/preambleai/",
  "model_name": "preambleai",
  "dataset_path": "datasets/merged_datasets_short_2000.csv",
  "total_samples": 2000,
  "confusion_matrix": {
    "true_positive": 675,
    "true_negative": 901,
    "false_positive": 105,
    "false_negative": 319
  },
  "metrics": {
    "accuracy": 0.788,
    "recall": 0.6790744466800804,
    "precision": 0.8653846153846154,
    "false_positive_rate": 0.10437375745526839,
    "f1_score": 0.7609921082299886
  }
}