{
  "evaluation_time": "2025-08-18T15:23:38.615298",
  "model_path": "./models/protectaiv2",
  "model_name": "protectaiv2",
  "dataset_path": "datasets/merged_datasets.csv",
  "total_samples": 20265,
  "confusion_matrix": {
    "true_positive": 5950,
    "true_negative": 11180,
    "false_positive": 864,
    "false_negative": 2271
  },
  "metrics": {
    "accuracy": 0.845299777942265,
    "recall": 0.723756234034789,
    "precision": 0.8732022307014969,
    "false_positive_rate": 0.07173696446363334,
    "f1_score": 0.7914865314266711
  }
}