{
  "evaluation_time": "2025-08-18T18:01:13.399225",
  "model_path": "./models/qualifire",
  "model_name": "qualifire",
  "dataset_path": "datasets/merged_datasets.csv",
  "total_samples": 20265,
  "confusion_matrix": {
    "true_positive": 7479,
    "true_negative": 11686,
    "false_positive": 358,
    "false_negative": 742
  },
  "metrics": {
    "accuracy": 0.9457192203306193,
    "recall": 0.9097433402262498,
    "precision": 0.9543192548168942,
    "false_positive_rate": 0.029724344071736963,
    "f1_score": 0.9314983185950928
  }
}