{
  "evaluation_time": "2025-08-18T16:12:46.707253",
  "model_path": "./models/preambleai",
  "model_name": "preambleai",
  "dataset_path": "datasets/merged_datasets.csv",
  "total_samples": 20265,
  "confusion_matrix": {
    "true_positive": 6962,
    "true_negative": 11802,
    "false_positive": 242,
    "false_negative": 1259
  },
  "metrics": {
    "accuracy": 0.9259314088329632,
    "recall": 0.8468556136723027,
    "precision": 0.9664075513603554,
    "false_positive_rate": 0.020092992361341745,
    "f1_score": 0.9026904376012966
  }
}