{
  "evaluation_time": "2025-08-19T12:25:30.043805",
  "model_path": "./models/qualifire/",
  "model_name": "qualifire",
  "dataset_path": "datasets/merged_datasets_short_4000.csv",
  "total_samples": 4000,
  "confusion_matrix": {
    "true_positive": 1594,
    "true_negative": 2007,
    "false_positive": 122,
    "false_negative": 277
  },
  "metrics": {
    "accuracy": 0.90025,
    "recall": 0.8519508284339925,
    "precision": 0.9289044289044289,
    "false_positive_rate": 0.057303898543917334,
    "f1_score": 0.8887649846668525
  }
}