{
  "evaluation_time": "2025-08-19T12:05:23.414682",
  "model_path": "./models/protectaiv2/",
  "model_name": "protectaiv2",
  "dataset_path": "datasets/merged_datasets_short_4000.csv",
  "total_samples": 4000,
  "confusion_matrix": {
    "true_positive": 1316,
    "true_negative": 1948,
    "false_positive": 181,
    "false_negative": 555
  },
  "metrics": {
    "accuracy": 0.816,
    "recall": 0.7033671833244255,
    "precision": 0.8790915163660654,
    "false_positive_rate": 0.0850164396430249,
    "f1_score": 0.7814726840855107
  }
}