{
  "evaluation_time": "2025-08-18T21:18:24.535683",
  "model_path": "./models/vijil-mbert-prompt-injection/",
  "dataset_path": "datasets/merged_datasets_short_1000.csv",
  "total_samples": 1000,
  "confusion_matrix": {
    "true_positive": 316,
    "true_negative": 425,
    "false_positive": 90,
    "false_negative": 169
  },
  "metrics": {
    "accuracy": 0.741,
    "recall": 0.6515463917525773,
    "precision": 0.7783251231527094,
    "false_positive_rate": 0.17475728155339806,
    "f1_score": 0.7093153759820426
  }
}