{
  "evaluation_time": "2025-08-18T21:14:45.182306",
  "model_path": "./models/Llama-Prompt-Guard-2-86M/",
  "model_name": "Llama-Prompt-Guard-2-86M",
  "dataset_path": "datasets/merged_datasets_short_2000.csv",
  "total_samples": 2000,
  "confusion_matrix": {
    "true_positive": 426,
    "true_negative": 900,
    "false_positive": 106,
    "false_negative": 568
  },
  "metrics": {
    "accuracy": 0.663,
    "recall": 0.42857142857142855,
    "precision": 0.8007518796992481,
    "false_positive_rate": 0.10536779324055666,
    "f1_score": 0.5583224115334207
  }
}