{
  "evaluation_time": "2025-08-18T21:48:40.728322",
  "model_path": "./models/protectaiv1/",
  "model_name": "protectaiv1",
  "dataset_path": "datasets/merged_datasets_short_1000.csv",
  "total_samples": 1000,
  "confusion_matrix": {
    "true_positive": 161,
    "true_negative": 436,
    "false_positive": 79,
    "false_negative": 324
  },
  "metrics": {
    "accuracy": 0.597,
    "recall": 0.3319587628865979,
    "precision": 0.6708333333333333,
    "false_positive_rate": 0.1533980582524272,
    "f1_score": 0.4441379310344827
  }
}