{
  "evaluation_time": "2025-08-18T22:38:03.520572",
  "model_path": "./models/qualifire/",
  "model_name": "qualifire",
  "dataset_path": "datasets/merged_datasets_short_3000.csv",
  "total_samples": 3000,
  "confusion_matrix": {
    "true_positive": 1192,
    "true_negative": 1460,
    "false_positive": 109,
    "false_negative": 239
  },
  "metrics": {
    "accuracy": 0.884,
    "recall": 0.83298392732355,
    "precision": 0.9162182936202921,
    "false_positive_rate": 0.06947100063734862,
    "f1_score": 0.8726207906295753
  }
}