{
  "evaluation_time": "2025-08-19T11:46:51.327669",
  "model_path": "./models/Llama-Prompt-Guard-2-86M/",
  "model_name": "Llama-Prompt-Guard-2-86M",
  "dataset_path": "datasets/merged_datasets_short_4000.csv",
  "total_samples": 4000,
  "confusion_matrix": {
    "true_positive": 911,
    "true_negative": 1980,
    "false_positive": 149,
    "false_negative": 960
  },
  "metrics": {
    "accuracy": 0.72275,
    "recall": 0.48690539818278994,
    "precision": 0.8594339622641509,
    "false_positive_rate": 0.06998590887740723,
    "f1_score": 0.6216308427157966
  }
}